neuron_name,neuron_id,neurite_surface_nmo,neurite_volume_nmo,pk_classic_nmo,bif_ampl_local_nmo,fractal_dim_nmo,soma_surface_nmo,n_stems_nmo,n_bifs_nmo,n_branch_nmo,width_nmo,height_nmo,depth_nmo,diameter_nmo,euc_distance_nmo,path_distance_nmo,branch_order_nmo,contraction_nmo,fragmentation_nmo,partition_asymmetry_nmo,bif_ampl_remote_nmo,neurite_length_nmo
2013_03_06_cell03_789_H41_03,68172,67884.2,22260.4,1.65397,82.4422,1.05546,993.377,8.0,69.0,146.0,438.716,915.31,155.7,1.27538,791.365,946.954,19.0,0.805977,12219.0,0.454016,48.191,17170.7
2013_03_06_cell08_876_H41_05_Cell2,68173,54985.7,17060.9,1.62679,88.5083,1.06029,1100.44,8.0,60.0,128.0,497.729,996.12,97.21,1.19102,862.799,1017.84,14.0,0.814402,9973.0,0.511806,49.4948,14893.9
2013_03_06_cell11_1125_H41_06,68174,88721.2,32360.8,1.67112,84.9343,1.04801,1607.34,9.0,102.0,213.0,512.0,1087.16,108.53,1.36161,1108.38,1241.31,16.0,0.848242,12407.0,0.415981,47.3007,20929.8
2013_03_13_cell03_1204_H42_02,68175,83138.2,31636.6,1.53706,91.9908,1.06003,1817.04,9.0,90.0,189.0,453.61,1093.52,104.23,1.35477,1167.47,1293.09,16.0,0.806055,13755.0,0.410874,47.3135,19645.1
2013_03_13_cell05_675_H42_04,68176,60734.0,19701.0,1.67614,89.2658,1.05686,831.873,9.0,75.0,159.0,353.591,881.83,119.02,1.2366,628.421,767.483,14.0,0.811544,10025.0,0.523239,44.6654,15726.4
2013_03_13_cell06_945_H42_05,68177,63861.8,18947.7,1.64937,88.1366,1.05077,1157.18,6.0,75.0,156.0,445.95,1078.9,130.31,1.14392,925.698,1021.87,18.0,0.824516,9677.0,0.426493,49.3005,18005.5
